{"cameraMode":{"drawMode":0,"name":"Shaded","section":"Shading Mode"},"sceneLighting":false,"audioPlay":false,"sceneViewState":{"showFog":true,"showMaterialUpdate":false,"showSkybox":false,"showFlares":true,"showImageEffects":true,"showParticleSystems":true},"in2DMode":false,"pivot":{"x":1.2429230213165284,"y":0.4382359981536865,"z":0.003017604351043701},"rotation":{"x":0.410194993019104,"y":-0.5188777446746826,"z":0.31208986043930056,"w":0.6819868087768555},"size":1.3756167888641358,"orthographic":true}