{"cameraMode":{"drawMode":0,"name":"Shaded","section":"Shading Mode"},"sceneLighting":true,"audioPlay":false,"sceneViewState":{"showFog":true,"showMaterialUpdate":false,"showSkybox":true,"showFlares":true,"showImageEffects":true,"showParticleSystems":true},"in2DMode":false,"pivot":{"x":-0.8060331344604492,"y":0.6844196319580078,"z":3.8127598762512209},"rotation":{"x":-0.23205697536468507,"y":0.7438650131225586,"z":-0.3204893469810486,"w":-0.5386113524436951},"size":6.150507926940918,"orthographic":false}