{"cameraMode":{"drawMode":0,"name":"Shaded","section":"Shading Mode"},"sceneLighting":true,"audioPlay":false,"sceneViewState":{"showFog":true,"showMaterialUpdate":false,"showSkybox":false,"showFlares":true,"showImageEffects":true,"showParticleSystems":true},"in2DMode":false,"pivot":{"x":-0.7786111831665039,"y":-0.43465614318847659,"z":1.5281314849853516},"rotation":{"x":-0.13441839814186097,"y":0.8421545028686523,"z":-0.2456424981355667,"w":-0.46083590388298037},"size":8.511382102966309,"orthographic":false}